rank,start,decay_per_day,floor,mean_cohort_accuracy,mean_event_accuracy,delta_vs_50_50_pp,delta_vs_irl_only_pp,delta_vs_online_only_pp
1,0.95,0.03,0.2,84.77612796389059,85.02450491874389,0.6642030080373047,2.57299878153961,8.403875103617182
2,0.95,0.03,0.15,84.77563009687798,85.0327311401407,0.6637051410246926,2.572500914526998,8.40337723660457
3,0.95,0.03,0.25,84.77070677744956,85.01028360563946,0.6587818215962784,2.5675775950985837,8.398453917176155
4,0.85,0.02,0.3,84.76787120674815,85.06071050332267,0.6559462508948712,2.5647420243971766,8.395618346474748
5,0.9,0.03,0.2,84.76780563217572,85.04778271939423,0.6558806763224396,2.564676449824745,8.395552771902317
6,0.9,0.03,0.15,84.7673077651631,85.05600894079106,0.6553828093098133,2.5641785828121186,8.39505490488969
7,0.95,0.03,0.3,84.76384168136534,84.99413247659615,0.6519167255120522,2.5607124990143575,8.39158882109193
8,0.9,0.03,0.25,84.7623844457347,85.0335614062898,0.6504594898814133,2.5592552633837187,8.39013158546129
9,0.95,0.03,0.1,84.76022867682303,85.02336003910118,0.64830372096975,2.5570994944720553,8.387975816549627
10,0.85,0.02,0.35,84.75928558324144,85.04221309591595,0.6473606273881529,2.5561564008904583,8.38703272296803
11,0.85,0.02,0.25,84.75810884758089,85.05399888139516,0.6461838917276026,2.554979665229908,8.38585598730748
12,0.9,0.03,0.3,84.75551934965046,85.0174102772465,0.6435943937971729,2.552390167299478,8.38326648937705
13,0.95,0.03,0.35,84.75136172305089,84.9702803588288,0.6394367671976084,2.548232540699914,8.379108862777485
14,0.85,0.02,0.2,84.74826567412923,85.04723169964716,0.636340718275946,2.5451364917782513,8.376012813855823
15,0.8,0.02,0.25,84.7452152199693,85.07810941278483,0.6332902641160132,2.5420860376183185,8.37296235969589
16,0.9,0.03,0.35,84.74303939133601,84.99355815947916,0.6311144354827292,2.5399102089850345,8.370786531062606
17,0.85,0.02,0.4,84.7424087257675,85.01308059222977,0.6304837699142212,2.5392795434165265,8.370155865494098
18,0.8,0.02,0.3,84.74162126545865,85.06645610340519,0.6296963096053645,2.53849208310767,8.369368405185241
19,1.0,0.04,0.2,84.73789455589689,84.96018049175998,0.6259696000436037,2.534765373545909,8.36564169562348
20,1.0,0.04,0.15,84.73739668888426,84.9684067131568,0.6254717330309774,2.5342675065332827,8.365143828610854
21,0.8,0.02,0.2,84.73537204651763,85.07134223103681,0.6234470906643423,2.5322428641666477,8.36311918624422
22,0.85,0.02,0.15,84.73530452716315,85.03832091110797,0.6233795713098687,2.532175344812174,8.363051666889746
23,0.95,0.03,0.4,84.73448486557696,84.94114785514262,0.6225599097236767,2.531355683225982,8.362232005303554
24,1.0,0.04,0.25,84.73247336945585,84.94595917865554,0.6205484136025632,2.5293441871048685,8.36022050918244
25,0.8,0.02,0.35,84.72914130714418,85.04260398563784,0.6172163512908924,2.5260121247931977,8.35688844687077
26,0.9,0.03,0.1,84.72660147378777,85.011843641686,0.614676517934484,2.5234722914367893,8.354348613514361
27,0.9,0.03,0.4,84.72616253386208,84.96442565579297,0.6142375780087974,2.5230333515111028,8.353909673588674
28,1.0,0.04,0.3,84.72560827337162,84.92980804961223,0.6136833175183369,2.5224790910206423,8.353355413098214
29,0.9,0.02,0.35,84.72473930126078,84.97785184867693,0.6128143454075001,2.5216101189098055,8.352486440987377
30,0.8,0.02,0.15,84.72241089955156,85.06243144249763,0.6104859436982792,2.5192817172005846,8.350158039278156
31,0.85,0.02,0.45,84.72208149827398,84.9803484188119,0.6101565424206967,2.518952315923002,8.349828638000574
32,0.85,0.02,0.1,84.7181323794744,85.02651505957195,0.6062074236211146,2.51500319712342,8.345879519200992
33,0.9,0.02,0.3,84.71500522840991,84.97115967359197,0.6030802725566247,2.51187604605893,8.342752368136502
34,1.0,0.03,0.2,84.71425244944189,84.93946496081267,0.6023274935886036,2.511123267090909,8.34199958916848
35,0.95,0.03,0.45,84.71415763808344,84.90841568172475,0.6022326822301522,2.5110284557324576,8.34190477781003
36,1.0,0.04,0.35,84.71312831505716,84.9059559318449,0.601203359203879,2.5099991327061844,8.340875454783756
37,0.9,0.02,0.4,84.71271113811423,84.95538629969091,0.600786182260947,2.5095819557632524,8.340458277840824
38,0.8,0.02,0.4,84.71226444967024,85.01347148195164,0.6003394938169606,2.509135267319266,8.340011589396838
39,1.0,0.03,0.25,84.70883126300085,84.92524364770823,0.5969063071475631,2.5057020806498684,8.33657840272744
40,0.9,0.03,0.45,84.70583530636856,84.9316934823751,0.593910350515273,2.5027061240175783,8.33358244609515
41,0.9,0.02,0.25,84.70524286924264,84.96444805166448,0.593317913389356,2.5021136868916614,8.332990008969233
42,0.8,0.02,0.1,84.7052387518628,85.05062559096162,0.593313796009511,2.5021095695118163,8.332985891589388
43,1.0,0.03,0.15,84.7042283914048,84.93459266955085,0.5923034355515142,2.5010992090538195,8.331975531131391
44,1.0,0.03,0.3,84.70196616691663,84.90909251866492,0.5900412110633511,2.4988369845656564,8.329713306643228
45,1.0,0.04,0.1,84.69669039750892,84.92424141405174,0.5847654416556338,2.493561215157939,8.32443753723551
46,1.0,0.04,0.4,84.69625145758323,84.8768234281587,0.5843265017299473,2.4931222752322526,8.323998597309824
47,0.9,0.02,0.2,84.69539969579098,84.95768086991646,0.5834747399376994,2.4922705134400047,8.323146835517576
48,0.9,0.02,0.45,84.69238391062072,84.92265412627304,0.5804589547674368,2.489254728269742,8.320131050347314
49,0.8,0.02,0.45,84.69193722217673,84.98073930853378,0.5800122663234504,2.4888080398257557,8.319684361903327
50,1.0,0.03,0.35,84.68948620860216,84.88524040089759,0.5775612527488789,2.4863570262511843,8.317233348328756
51,0.85,0.02,0.5,84.68852705304454,84.92999038388322,0.5766020971912553,2.4853978706935607,8.316274192771132
52,1.0,0.05,0.5,84.68773919747044,84.90622709470587,0.5758142416171523,2.4846100151194577,8.31548633719703
53,1.0,0.03,0.1,84.68705624371604,84.92278681801484,0.5751312878627601,2.4839270613650655,8.314803383442637
54,0.9,0.02,0.15,84.6824385488249,84.94877008137728,0.5705135929716221,2.4793093664739274,8.310185688551499
55,0.95,0.04,0.5,84.68220437233373,84.89232984535158,0.5702794164804459,2.4790751899827512,8.309951512060323
56,0.95,0.03,0.5,84.680603192854,84.85805764679607,0.5686782370007109,2.477474010503016,8.308350332580588
57,0.85,0.03,0.2,84.67756183733631,85.00024940201067,0.5656368814830302,2.4744326549853355,8.305308977062907
58,0.85,0.03,0.15,84.67706397032369,85.00847562340748,0.5651390144704038,2.473934787972709,8.30481111005028
59,0.95,0.04,0.2,84.67606781655284,84.93840024415795,0.5641428606995618,2.472938634201867,8.303814956279439
60,1.0,0.04,0.45,84.67592423008972,84.84409125474085,0.563999274236437,2.4727950477387424,8.303671369816314
61,0.95,0.04,0.15,84.67556994954022,84.94662646555476,0.5636449936869354,2.4724407671892408,8.303317089266812
62,1.0,0.03,0.4,84.67260935112823,84.85610789721139,0.5606843952749472,2.4694801687772525,8.300356490854824
63,1.0,0.04,0.5,84.67243316755271,84.82862516958677,0.5605082116994282,2.4693039852017336,8.300180307279305
64,0.9,0.03,0.5,84.67228086113913,84.88133544744642,0.5603559052858458,2.469151678788151,8.300028000865723
65,0.85,0.03,0.25,84.67214065089527,84.98602808890624,0.5602156950419896,2.469011468544295,8.299887790621867
66,0.95,0.04,0.25,84.67064663011182,84.92417893105352,0.5587216742585355,2.467517447760841,8.298393769838412
67,0.85,0.03,0.3,84.66527555481106,84.96987695986293,0.5533505989577776,2.462146372460083,8.293022694537655
68,0.9,0.02,0.1,84.66526640113615,84.93696422984125,0.553341445282868,2.4621372187851733,8.293013540862745
69,0.95,0.04,0.3,84.66378153402759,84.90802780201021,0.5518565781743092,2.4606523516766146,8.291528673754186
70,1.0,0.05,0.45,84.65959648596207,84.87833833381865,0.5476715301087864,2.456467303611092,8.287343625688663
71,0.9,0.02,0.5,84.65882946539128,84.87229609134437,0.5469045095379954,2.4557002830403007,8.286576605117872
72,0.8,0.02,0.5,84.65838277694729,84.93038127360511,0.546457821094009,2.4552535945963143,8.286129916673886
73,0.85,0.03,0.35,84.6527955964966,84.94602484209558,0.5408706406433197,2.449666414145625,8.280542736223197
74,1.0,0.03,0.45,84.65228212363472,84.82337572379353,0.5403571677814369,2.4491529412837423,8.280029263361314
75,0.95,0.04,0.35,84.65130157571315,84.88417568424286,0.5393766198598655,2.448172393362171,8.279048715439743
76,0.95,0.04,0.45,84.64855233380193,84.86065342213577,0.5366273779486477,2.445423151450953,8.276299473528525
77,0.9,0.04,0.5,84.64186431288304,84.91117981647974,0.529939357029761,2.4387351305320664,8.269611452609638
78,0.95,0.05,0.5,84.64127860126048,84.91733797000619,0.5293536454071983,2.4381494189095037,8.269025740987075
79,0.85,0.03,0.5,84.64061135335878,84.90262109901934,0.5286863975054956,2.437482171007801,8.268358493085373
80,0.85,0.03,0.1,84.63635767894836,84.96431032430243,0.5244327230950745,2.43322849659738,8.264104818674952
81,0.85,0.03,0.4,84.63591873902266,84.9168923384094,0.5239937831693737,2.432789556671679,8.26366587874925
82,0.95,0.04,0.1,84.6348636581649,84.90246116644971,0.5229387023116203,2.4317344758139257,8.262610797891497
83,0.95,0.04,0.4,84.6344247182392,84.85504318055668,0.5224997623859196,2.431295535888225,8.262171857965797
84,1.0,0.03,0.5,84.61872767840528,84.77301768886485,0.5068027225519955,2.415598496054301,8.246474818131873
85,0.85,0.03,0.45,84.61559151152915,84.88416016499153,0.5036665556758635,2.412462329178169,8.24333865125574
86,0.9,0.04,0.45,84.61372160137468,84.88329105559252,0.5017966455213951,2.4105924190237005,8.241468741101272
87,0.95,0.05,0.45,84.61313588975213,84.88944920911896,0.5012109338988466,2.410006707401152,8.240883029478724
88,0.8,0.01,0.5,84.60130351832176,84.87491706104292,0.4893785624684739,2.3981743359707792,8.229050658048351
89,0.8,0.01,0.45,84.59516435797528,84.87069638830472,0.48323940212199545,2.392035175624301,8.222911497701872
90,0.8,0.01,0.4,84.58820837889996,84.86591415269044,0.4762834230466808,2.385079196548986,8.215955518626558
91,1.0,0.05,0.4,84.58193139842669,84.80589989508209,0.47000644257340696,2.3788022160757123,8.209678538153284
92,0.8,0.01,0.35,84.57958754303156,84.85998732803091,0.4676625871782818,2.376458360680587,8.207334682758159
93,0.95,0.02,0.4,84.57907774450992,84.81042084062275,0.4671527886566338,2.375948562158939,8.20682488423651
94,0.8,0.01,0.3,84.57571088568105,84.85732212610243,0.4637859298277647,2.37258170333007,8.203458025407642
95,0.8,0.01,0.25,84.57571088568105,84.85732212610243,0.4637859298277647,2.37258170333007,8.203458025407642
96,0.8,0.01,0.2,84.57571088568105,84.85732212610243,0.4637859298277647,2.37258170333007,8.203458025407642
97,0.8,0.01,0.15,84.57571088568105,84.85732212610243,0.4637859298277647,2.37258170333007,8.203458025407642
98,0.8,0.01,0.1,84.57571088568105,84.85732212610243,0.4637859298277647,2.37258170333007,8.203458025407642
99,0.95,0.02,0.35,84.5704569086415,84.80449401596323,0.45853195278822056,2.367327726290526,8.198204048368098
100,0.8,0.03,0.5,84.56725515201249,84.88289598290542,0.4553301961592098,2.364125969661515,8.195002291739087
101,0.95,0.02,0.45,84.56409104534829,84.78503189366124,0.4521660894950088,2.360961862997314,8.191838185074886
102,0.85,0.04,0.5,84.56232839410838,84.88316648938576,0.4504034382550941,2.3591992117573994,8.190075533834971
103,0.95,0.02,0.3,84.56072283579064,84.79780184087825,0.4487978799373593,2.3575936534396646,8.188469975517236
104,0.9,0.05,0.5,84.55472585525276,84.87994126687173,0.4428008993994723,2.3515966729017777,8.18247299497935
105,0.95,0.02,0.25,84.55096047662337,84.79109021895076,0.43903552077009067,2.347831294272396,8.178707616349968
106,0.95,0.02,0.2,84.54111730317172,84.78432303720274,0.42919234731843403,2.3379881208207394,8.168864442898311
107,0.9,0.04,0.4,84.54031770401889,84.81378218510443,0.42839274816560646,2.337188521667912,8.168064843745483
108,0.9,0.04,0.2,84.54027814813576,84.85278228695175,0.42835319228247215,2.3371489657847775,8.16802528786235
109,0.9,0.04,0.15,84.53978028112313,84.86100850834858,0.4278553252698458,2.336651098772151,8.167527420849723
110,0.8,0.03,0.45,84.53911244050413,84.8550072220182,0.4271874846508439,2.3359832581531492,8.166859580230721
111,0.95,0.05,0.4,84.53547080221674,84.81701077038241,0.42354584636345294,2.3323416198657583,8.16321794194333
112,0.9,0.04,0.25,84.53485696169473,84.83856097384732,0.42293200584144586,2.331727779343751,8.162604101421323
113,0.85,0.04,0.45,84.53418568260001,84.85527772849855,0.4222607267467282,2.3310565002490335,8.161932822326605
114,0.95,0.02,0.5,84.53053660011886,84.73467385873256,0.4186116442655816,2.327407417767887,8.158283739845459
115,0.8,0.03,0.2,84.52904435014219,84.89152191602543,0.4171193942889033,2.3259151677912087,8.15679148986878
116,0.8,0.03,0.15,84.52854648312956,84.89974813742224,0.416621527276277,2.3254173007785823,8.156293622856154
117,0.95,0.02,0.15,84.52815615620565,84.77541224866357,0.41623120035237093,2.3250269738546763,8.155903295932248
118,0.9,0.04,0.3,84.5279918656105,84.82240984480401,0.4160669097572196,2.324862683259525,8.155739005337097
119,0.9,0.05,0.45,84.5265831437444,84.8520525059845,0.41465818789112063,2.323453961393426,8.154330283470998
120,0.8,0.03,0.25,84.52362316370116,84.877300602921,0.41169820784787703,2.3204939813501824,8.151370303427754
121,1.0,0.05,0.2,84.51733370515988,84.77696607198763,0.4054087493066021,2.3142045228089074,8.145080844886479
122,1.0,0.05,0.15,84.51683583814726,84.78519229338445,0.40491088229397576,2.313706655796281,8.144582977873853
123,0.8,0.03,0.3,84.51675806761693,84.86114947387769,0.4048331117636508,2.313628885265956,8.144505207343528
124,0.9,0.04,0.35,84.51551190729604,84.79855772703667,0.4035869514427617,2.312382724945067,8.143259047022639
125,1.0,0.05,0.25,84.51191251871886,84.7627447588832,0.3999875628655758,2.308783336367881,8.139659658445453
126,0.95,0.02,0.1,84.51098400851689,84.76360639712755,0.39905905266360264,2.307854826165908,8.13873114824348
127,1.0,0.05,0.3,84.50504742263463,84.7465936298399,0.39312246678134954,2.301918240283655,8.132794562361227
128,0.8,0.03,0.35,84.50427810930249,84.83729735611034,0.39235315344920707,2.3011489269515124,8.132025249029084
129,0.9,0.04,0.1,84.4990739897478,84.81684320924352,0.3871490338945165,2.295944807396822,8.126821129474394
130,1.0,0.05,0.35,84.49256746432019,84.72274151207256,0.38064250846690584,2.289438281969211,8.120314604046783
131,0.8,0.03,0.1,84.48784019175424,84.85558283831719,0.3759152359009619,2.284711009403267,8.115587331480839
132,0.8,0.03,0.4,84.48740125182854,84.80816485242416,0.3754762959752611,2.2842720694775664,8.115148391555138
133,1.0,0.05,0.1,84.47612954677193,84.7410269942794,0.36420459091864643,2.2730003644209518,8.103876686498523
134,0.85,0.04,0.4,84.45652059506462,84.78283928976198,0.3445956392113345,2.25339141271364,8.084267734791212
135,0.9,0.05,0.4,84.44891805620901,84.77961406724793,0.33699310035572694,2.2457888738580323,8.076665195935604
136,0.85,0.01,0.5,84.44307133325889,84.67979580350926,0.33114637740560227,2.2399421509079076,8.07081847298548
137,0.85,0.01,0.45,84.4369321729124,84.67557513077107,0.32500721705912383,2.233802990561429,8.064679312639
138,0.85,0.01,0.4,84.42997619383709,84.6707928951568,0.3180512379838092,2.2268470114861145,8.057723333563686
139,0.85,0.01,0.35,84.42703370876396,84.66876993666901,0.31510875291067464,2.22390452641298,8.054780848490552
140,0.85,0.01,0.3,84.42703370876396,84.66876993666901,0.31510875291067464,2.22390452641298,8.054780848490552
141,0.85,0.01,0.25,84.42703370876396,84.66876993666901,0.31510875291067464,2.22390452641298,8.054780848490552
142,0.85,0.01,0.2,84.42703370876396,84.66876993666901,0.31510875291067464,2.22390452641298,8.054780848490552
143,0.85,0.01,0.15,84.42703370876396,84.66876993666901,0.31510875291067464,2.22390452641298,8.054780848490552
144,0.85,0.01,0.1,84.42703370876396,84.66876993666901,0.31510875291067464,2.22390452641298,8.054780848490552
145,0.8,0.04,0.5,84.42420974926434,84.78595877202706,0.3122847934110524,2.2210805669133578,8.05195688899093
146,0.95,0.05,0.35,84.41618126858504,84.7132785376993,0.30425631273175213,2.2130520862340575,8.04392840831163
147,0.85,0.05,0.5,84.40237858339025,84.76476924875458,0.29045362753696224,2.1992494010392676,8.03012572311684
148,0.8,0.04,0.45,84.39606703775597,84.75807001113985,0.2841420819026865,2.192937855404992,8.023814177482564
149,0.85,0.05,0.45,84.37423587188188,84.73688048786735,0.26231091602859635,2.1711066895309017,8.001983011608473
150,1.0,0.02,0.45,84.36518037877798,84.58242032949975,0.2532554229246955,2.162051196427001,7.9929275185045725
151,1.0,0.02,0.4,84.35822439970266,84.57763809388548,0.24629944384938085,2.155095217351686,7.985971539429258
152,0.85,0.04,0.35,84.35090259230617,84.68850623455424,0.23897763645288705,2.1477734099551924,7.978649732032764
153,1.0,0.02,0.35,84.34960356383426,84.57171126922594,0.23767860798098184,2.146474381483287,7.977350703560859
154,1.0,0.02,0.3,84.3398694909834,84.56501909414098,0.22794453513012058,2.136740308632426,7.967616630709998
155,1.0,0.02,0.5,84.3387228776519,84.5418205927132,0.2267979217986209,2.1355936953009262,7.966470017378498
156,0.85,0.04,0.2,84.33027766393691,84.6957964542645,0.2183527080836285,2.127148481585934,7.9580248036635055
157,1.0,0.02,0.25,84.33010713181613,84.55830747221349,0.21818217596285194,2.1269779494651573,7.957854271542729
158,0.85,0.04,0.15,84.32977979692429,84.7040226756613,0.21785484107100217,2.1266506145733075,7.957526936650879
159,0.9,0.05,0.35,84.3296285225773,84.67588183456483,0.21770356672401192,2.1264993402263173,7.957375662303889
160,0.95,0.05,0.2,84.32722687235648,84.64983351528927,0.21530191650319352,2.124097690005499,7.9549740120830705
161,0.95,0.05,0.15,84.32672900534385,84.65805973668608,0.2148040494905672,2.1235998229928725,7.954476145070444
162,0.85,0.04,0.25,84.32485647749587,84.68157514116005,0.212931521642588,2.1217272951448933,7.952603617222465
163,0.95,0.05,0.25,84.32180568591545,84.63561220218483,0.20988073006216723,2.1186765035644726,7.949552825642044
164,1.0,0.02,0.2,84.32026395836448,84.55154029046547,0.2083390025111953,2.1171347760135006,7.948011098091072
165,0.8,0.04,0.4,84.31840195022059,84.68563157240328,0.20647699436730704,2.1152727678696124,7.946149089947184
166,0.85,0.04,0.3,84.31799138141166,84.66542401211676,0.20606642555837595,2.1148621990606813,7.945738521138253
167,0.95,0.05,0.3,84.31494058983122,84.61946107314154,0.20301563397794098,2.1118114074802463,7.942687729557818
168,1.0,0.02,0.15,84.3073028113984,84.5426295019263,0.195377855545118,2.1041736290474233,7.935049951124995
169,0.85,0.05,0.4,84.29657078434649,84.66444204913078,0.18464582849320266,2.093441601995508,7.92431792407308
170,1.0,0.02,0.1,84.29013066370963,84.53082365039027,0.1782057078563497,2.087001481358655,7.917877803436227
171,0.85,0.04,0.1,84.28907350554896,84.65985737655625,0.17714854969567284,2.085944323197978,7.91682064527555
172,0.95,0.05,0.1,84.28602271396852,84.61389443758104,0.17409775811523787,2.082893531617543,7.913769853695115
173,0.9,0.01,0.5,84.21868199771212,84.41761752117769,0.10675704185884172,2.015552815361147,7.846429137438719
174,0.9,0.01,0.45,84.21254283736566,84.41339684843949,0.1006178815123775,2.009413655014683,7.8402899770922545
175,0.9,0.01,0.4,84.20976044573553,84.41148395419378,0.09783548988224311,2.0066312633845484,7.83750758546212
176,0.9,0.01,0.35,84.20976044573553,84.41148395419378,0.09783548988224311,2.0066312633845484,7.83750758546212
177,0.9,0.01,0.3,84.20976044573553,84.41148395419378,0.09783548988224311,2.0066312633845484,7.83750758546212
178,0.9,0.01,0.25,84.20976044573553,84.41148395419378,0.09783548988224311,2.0066312633845484,7.83750758546212
179,0.9,0.01,0.2,84.20976044573553,84.41148395419378,0.09783548988224311,2.0066312633845484,7.83750758546212
180,0.9,0.01,0.15,84.20976044573553,84.41148395419378,0.09783548988224311,2.0066312633845484,7.83750758546212
181,0.9,0.01,0.1,84.20976044573553,84.41148395419378,0.09783548988224311,2.0066312633845484,7.83750758546212
182,0.8,0.04,0.35,84.19911241658889,84.58189933972018,0.08718746073560624,1.9959832342379116,7.826859556315483
183,0.8,0.05,0.5,84.19564133510018,84.5852874995609,0.08371637924689423,1.9925121527491996,7.823388474826771
184,0.9,0.05,0.3,84.193646801254,84.55817990324054,0.0817218454007218,1.9905176189030271,7.821393940980599
185,0.85,0.05,0.35,84.17728125071478,84.56070981644768,0.06535629486150185,1.9741520683638072,7.805028390441379
186,0.8,0.05,0.45,84.16749862359181,84.5573987386737,0.05557366773852834,1.9643694412408337,7.795245763318405
187,0.8,0.05,0.4,84.08983353605642,84.48496029993713,-0.022091419796865353,1.88670435370544,7.717580675783012
188,0.9,0.05,0.2,84.08342963322909,84.4631777344181,-0.028495322624195296,1.88030045087811,7.711176772955682
189,0.9,0.05,0.15,84.08293176621646,84.4714039558149,-0.028993189636821626,1.8798025838654837,7.710678905943055
190,0.9,0.05,0.25,84.07800844678805,84.44895642131365,-0.0339165090652358,1.8748792644370695,7.705755586514641
191,0.8,0.04,0.3,84.07702711229338,84.4737511951025,-0.03489784355990366,1.8738979299424017,7.704774252019973
192,0.8,0.04,0.2,84.04321036602136,84.45621049011147,-0.06871458983192724,1.840081183670378,7.67095750574795
193,0.8,0.04,0.15,84.04271249900873,84.46443671150828,-0.06921245684455357,1.8395833166577518,7.670459638735323
194,0.9,0.05,0.1,84.04222547484113,84.42723865670985,-0.06969948101215095,1.8390962924901544,7.669972614567726
195,0.85,0.05,0.3,84.04129952939148,84.4430078851234,-0.07062542646180248,1.8381703470405029,7.6690466691180745
196,0.8,0.04,0.25,84.03778917958033,84.44198917700703,-0.07413577627295354,1.8346599972293518,7.6655363193069235
197,0.8,0.04,0.1,84.0020062076334,84.42027141240322,-0.1099187482198829,1.7988770252824224,7.629753347359994
198,0.8,0.05,0.35,83.97054400242472,84.38122806725403,-0.14138095342856616,1.7674148200737392,7.598291142151311
199,0.95,0.01,0.5,83.91727384816421,84.0788711789495,-0.19465110768906868,1.7141446658132367,7.545020987890808
200,0.95,0.01,0.45,83.91493325744992,84.07726202283342,-0.19699169840336594,1.7118040750989394,7.542680397176511
201,0.95,0.01,0.4,83.91493325744992,84.07726202283342,-0.19699169840336594,1.7118040750989394,7.542680397176511
202,0.95,0.01,0.35,83.91493325744992,84.07726202283342,-0.19699169840336594,1.7118040750989394,7.542680397176511
203,0.95,0.01,0.3,83.91493325744992,84.07726202283342,-0.19699169840336594,1.7118040750989394,7.542680397176511
204,0.95,0.01,0.25,83.91493325744992,84.07726202283342,-0.19699169840336594,1.7118040750989394,7.542680397176511
205,0.95,0.01,0.2,83.91493325744992,84.07726202283342,-0.19699169840336594,1.7118040750989394,7.542680397176511
206,0.95,0.01,0.15,83.91493325744992,84.07726202283342,-0.19699169840336594,1.7118040750989394,7.542680397176511
207,0.95,0.01,0.1,83.91493325744992,84.07726202283342,-0.19699169840336594,1.7118040750989394,7.542680397176511
208,0.85,0.05,0.25,83.89092013235604,84.30989993642999,-0.22100482349723904,1.6877909500050663,7.518667272082638
209,0.8,0.05,0.3,83.83456228110141,84.26352613592974,-0.2773626747518705,1.6314330987504349,7.4623094208280065
210,0.85,0.05,0.2,83.76243328872424,84.19028736305354,-0.349491667129044,1.5593041063732613,7.390180428450833
211,0.85,0.05,0.15,83.76193542171161,84.19851358445035,-0.34998953414167033,1.558806239360635,7.389682561438207
212,0.85,0.05,0.1,83.72122913033628,84.1543482853453,-0.39069582551699966,1.5180999479853057,7.348976270062877
213,0.8,0.05,0.25,83.68418288406598,84.13041818723632,-0.42774207178730705,1.4810537017149983,7.31193002379257
214,1.0,0.01,0.5,83.53135316658587,83.65600692023548,-0.5805717892674096,1.3282239842348957,7.159100306312467
215,1.0,0.01,0.45,83.53135316658587,83.65600692023548,-0.5805717892674096,1.3282239842348957,7.159100306312467
216,1.0,0.01,0.4,83.53135316658587,83.65600692023548,-0.5805717892674096,1.3282239842348957,7.159100306312467
217,1.0,0.01,0.35,83.53135316658587,83.65600692023548,-0.5805717892674096,1.3282239842348957,7.159100306312467
218,1.0,0.01,0.3,83.53135316658587,83.65600692023548,-0.5805717892674096,1.3282239842348957,7.159100306312467
219,1.0,0.01,0.25,83.53135316658587,83.65600692023548,-0.5805717892674096,1.3282239842348957,7.159100306312467
220,1.0,0.01,0.2,83.53135316658587,83.65600692023548,-0.5805717892674096,1.3282239842348957,7.159100306312467
221,1.0,0.01,0.15,83.53135316658587,83.65600692023548,-0.5805717892674096,1.3282239842348957,7.159100306312467
222,1.0,0.01,0.1,83.53135316658587,83.65600692023548,-0.5805717892674096,1.3282239842348957,7.159100306312467
223,0.8,0.05,0.2,83.5193057211724,83.9857872693674,-0.5926192346808818,1.3161765388214235,7.147052860898995
224,0.8,0.05,0.15,83.37289775148537,83.85138832199722,-0.7390272043679147,1.1697685691343906,7.000644891211962
225,0.8,0.05,0.1,83.33219146011004,83.80722302289217,-0.779733495743244,1.1290622777590613,6.959938599836633
