series,cohort_id,date,event_count,cohort_mean_accuracy_pct
online_all_primary,C001,2024-09-13,1,76.81389284956062
online_all_primary,C002,2024-09-28,2,73.09173969508927
online_all_primary,C004,2024-10-11,1,62.84074107797102
online_all_primary,C005,2024-10-19,1,67.94419786604904
online_all_primary,C006,2024-11-02,1,71.72498558193521
online_all_primary,C008,2024-11-15,1,71.55998847062193
online_all_primary,C009,2024-11-22,1,70.2350464211781
online_all_primary,C010,2024-11-30,1,73.69696722398473
online_all_primary,C011,2024-12-07,2,61.65972291660585
online_all_primary,C012,2024-12-13,1,67.49890064890467
online_all_primary,C013,2025-01-18,2,70.93414754190604
online_all_primary,C014,2025-01-24,1,67.03908679621038
online_all_primary,C015,2025-02-08,1,76.0156971375808
online_all_primary,C016,2025-02-15,1,72.94511162750538
online_all_primary,C017,2025-02-21,1,77.02784136157594
online_all_primary,C018,2025-03-07,2,71.71070765816937
online_all_primary,C019,2025-03-22,1,70.14224144055815
online_all_primary,C020,2025-03-29,1,69.91400073227925
online_all_primary,C021,2025-04-11,1,76.18427290286435
online_all_primary,C022,2025-04-19,1,68.9463626518401
online_all_primary,C023,2025-04-26,1,74.3957780583626
online_all_primary,C024,2025-05-02,1,66.77217316506055
online_all_primary,C025,2025-05-17,3,68.9068843556005
online_all_primary,C026,2025-05-23,1,67.49744134519901
online_all_primary,C027,2025-05-31,1,65.25166207353506
online_all_primary,C028,2025-06-13,1,71.85463451844296
online_all_primary,C029,2025-08-15,1,65.6637738941065
online_all_primary,C030,2025-09-13,2,77.6810233967295
online_all_primary,C031,2025-09-19,1,75.41884383041658
online_all_primary,C032,2025-10-10,2,76.96354151775262
online_all_primary,C033,2025-10-25,1,82.04948787989782
online_all_primary,C034,2025-11-01,2,79.55956856494741
online_all_primary,C035,2025-11-14,2,70.64899845119791
online_all_primary,C036,2025-11-21,1,70.98602626879902
online_all_primary,C037,2025-11-29,1,80.07422449750594
online_all_primary,C038,2026-01-16,1,72.77234403455624
online_all_primary,C039,2026-01-24,2,76.88986264784941
online_all_primary,C040,2026-02-07,2,75.09923544284618
online_all_primary,C041,2026-02-13,1,76.49890259788688
online_all_primary,C042,2026-02-27,1,74.86348289480773
online_all_primary,C043,2026-03-07,1,65.8812914243421
online_all_primary,C044,2026-03-14,1,71.944154147354
online_all_primary,C045,2026-03-20,1,74.29353755793184
online_all_primary,C046,2026-03-28,1,76.21244724071003
online_all_primary,C047,2026-04-03,2,74.48712250993324
online_all_primary,C048,2026-04-25,1,78.14303271152072
online_all_primary,C049,2026-05-08,1,76.78635158347647
online_all_primary,C050,2026-05-16,2,77.2579197707564
online_all_primary,C051,2026-05-23,2,69.74528671984342
online_all_primary,C052,2026-05-29,1,67.47345053098938
online_all_primary,C053,2026-06-06,1,76.75366543512567
online_all_primary,C054,2026-06-12,1,70.36769707082135
online_all_primary,C055,2026-08-28,1,60.390902817633815
online_settled_primary,C004,2024-10-11,1,62.84074107797102
online_settled_primary,C005,2024-10-19,1,67.94419786604904
online_settled_primary,C006,2024-11-02,1,71.72498558193521
online_settled_primary,C008,2024-11-15,1,71.55998847062193
online_settled_primary,C010,2024-11-30,1,73.69696722398473
online_settled_primary,C011,2024-12-07,2,61.65972291660585
online_settled_primary,C012,2024-12-13,1,67.49890064890467
online_settled_primary,C013,2025-01-18,2,70.93414754190604
online_settled_primary,C014,2025-01-24,1,67.03908679621038
online_settled_primary,C016,2025-02-15,1,72.94511162750538
online_settled_primary,C017,2025-02-21,1,77.02784136157594
online_settled_primary,C018,2025-03-07,2,71.71070765816937
online_settled_primary,C019,2025-03-22,1,70.14224144055815
online_settled_primary,C020,2025-03-29,1,69.91400073227925
online_settled_primary,C022,2025-04-19,1,68.9463626518401
online_settled_primary,C023,2025-04-26,1,74.3957780583626
online_settled_primary,C024,2025-05-02,1,66.77217316506055
online_settled_primary,C025,2025-05-17,3,68.9068843556005
online_settled_primary,C026,2025-05-23,1,67.49744134519901
online_settled_primary,C027,2025-05-31,1,65.25166207353506
online_settled_primary,C030,2025-09-13,2,77.6810233967295
online_settled_primary,C031,2025-09-19,1,75.41884383041658
online_settled_primary,C033,2025-10-25,1,82.04948787989782
online_settled_primary,C034,2025-11-01,2,79.55956856494741
online_settled_primary,C035,2025-11-14,2,70.64899845119791
online_settled_primary,C036,2025-11-21,1,70.98602626879902
online_settled_primary,C038,2026-01-16,1,72.77234403455624
online_settled_primary,C039,2026-01-24,2,76.88986264784941
online_settled_primary,C040,2026-02-07,2,75.09923544284618
online_settled_primary,C041,2026-02-13,1,76.49890259788688
online_settled_primary,C042,2026-02-27,1,74.86348289480773
online_settled_primary,C044,2026-03-14,1,71.944154147354
online_settled_primary,C045,2026-03-20,1,74.29353755793184
online_settled_primary,C046,2026-03-28,1,76.21244724071003
online_settled_primary,C047,2026-04-03,2,74.48712250993324
online_settled_primary,C049,2026-05-08,1,76.78635158347647
online_settled_primary,C050,2026-05-16,2,77.2579197707564
online_settled_primary,C051,2026-05-23,2,69.74528671984342
online_settled_primary,C052,2026-05-29,1,67.47345053098938
online_settled_primary,C054,2026-06-12,1,70.36769707082135
online_transition_primary,C001,2024-09-13,1,76.81389284956062
online_transition_primary,C002,2024-09-28,2,73.09173969508927
online_transition_primary,C009,2024-11-22,1,70.2350464211781
online_transition_primary,C015,2025-02-08,1,76.0156971375808
online_transition_primary,C021,2025-04-11,1,76.18427290286435
online_transition_primary,C028,2025-06-13,1,71.85463451844296
online_transition_primary,C029,2025-08-15,1,65.6637738941065
online_transition_primary,C032,2025-10-10,2,76.96354151775262
online_transition_primary,C037,2025-11-29,1,80.07422449750594
online_transition_primary,C043,2026-03-07,1,65.8812914243421
online_transition_primary,C048,2026-04-25,1,78.14303271152072
online_transition_primary,C053,2026-06-06,1,76.75366543512567
online_transition_primary,C055,2026-08-28,1,60.390902817633815
irl_settled_primary,C004,2024-10-11,1,75.0284714639616
irl_settled_primary,C005,2024-10-19,1,89.07948999556328
irl_settled_primary,C006,2024-11-02,1,88.10396209736572
irl_settled_primary,C008,2024-11-15,1,87.16535258189894
irl_settled_primary,C010,2024-11-30,1,85.2678909166173
irl_settled_primary,C011,2024-12-07,2,75.47964315626858
irl_settled_primary,C012,2024-12-13,1,83.13211929574484
irl_settled_primary,C013,2025-01-18,2,83.62494929498823
irl_settled_primary,C014,2025-01-24,1,86.94225348295116
irl_settled_primary,C016,2025-02-15,1,77.11727950012016
irl_settled_primary,C017,2025-02-21,1,83.85807591633845
irl_settled_primary,C018,2025-03-07,2,77.97969855513507
irl_settled_primary,C019,2025-03-22,1,83.89382611675425
irl_settled_primary,C020,2025-03-29,1,81.5796733762124
irl_settled_primary,C022,2025-04-19,1,78.86621315192744
irl_settled_primary,C023,2025-04-26,1,82.9394072071729
irl_settled_primary,C024,2025-05-02,1,71.34514141995439
irl_settled_primary,C025,2025-05-17,3,81.38564527589968
irl_settled_primary,C026,2025-05-23,1,90.75816928645808
irl_settled_primary,C027,2025-05-31,1,85.26101201310522
irl_settled_primary,C030,2025-09-13,2,75.63466930458483
irl_settled_primary,C031,2025-09-19,1,87.64123990612424
irl_settled_primary,C033,2025-10-25,1,83.51585510461692
irl_settled_primary,C034,2025-11-01,2,83.87844432595291
irl_settled_primary,C035,2025-11-14,2,83.04015008944458
irl_settled_primary,C036,2025-11-21,1,88.99037413137196
irl_settled_primary,C038,2026-01-16,1,75.31715345367172
irl_settled_primary,C039,2026-01-24,2,82.82504462739908
irl_settled_primary,C040,2026-02-07,2,84.87902330470743
irl_settled_primary,C041,2026-02-13,1,89.1890919649212
irl_settled_primary,C042,2026-02-27,1,84.76118652589241
irl_settled_primary,C044,2026-03-14,1,84.43154248931947
irl_settled_primary,C045,2026-03-20,1,89.3773679548341
irl_settled_primary,C046,2026-03-28,1,87.5391797073351
irl_settled_primary,C047,2026-04-03,2,87.33114281771944
irl_settled_primary,C049,2026-05-08,1,76.25845908877066
irl_settled_primary,C050,2026-05-16,2,84.75840936233092
irl_settled_primary,C051,2026-05-23,2,80.7596271117521
irl_settled_primary,C052,2026-05-29,1,83.44781390817197
irl_settled_primary,C054,2026-06-12,1,81.98694282036693
fifty_fifty_complete_case,C005,2024-10-19,1,86.69317538295178
fifty_fifty_complete_case,C006,2024-11-02,1,84.96992979911764
fifty_fifty_complete_case,C010,2024-11-30,1,84.15610421558175
fifty_fifty_complete_case,C012,2024-12-13,1,83.81727110668086
fifty_fifty_complete_case,C013,2025-01-18,2,82.0871734003094
fifty_fifty_complete_case,C016,2025-02-15,1,80.10434806721757
fifty_fifty_complete_case,C018,2025-03-07,2,77.92447267266436
fifty_fifty_complete_case,C019,2025-03-22,1,77.4416104835995
fifty_fifty_complete_case,C020,2025-03-29,1,75.23031416142231
fifty_fifty_complete_case,C023,2025-04-26,1,88.79993310072692
fifty_fifty_complete_case,C024,2025-05-02,1,79.22781316482646
fifty_fifty_complete_case,C025,2025-05-17,3,81.63373289341091
fifty_fifty_complete_case,C026,2025-05-23,1,86.22163453680288
fifty_fifty_complete_case,C027,2025-05-31,1,85.35943395681291
fifty_fifty_complete_case,C030,2025-09-13,2,84.37536032623116
fifty_fifty_complete_case,C031,2025-09-19,1,86.19767334737895
fifty_fifty_complete_case,C033,2025-10-25,1,86.99595435072449
fifty_fifty_complete_case,C034,2025-11-01,2,85.53089581888734
fifty_fifty_complete_case,C038,2026-01-16,1,77.53316113856832
fifty_fifty_complete_case,C039,2026-01-24,2,87.60596357233425
fifty_fifty_complete_case,C040,2026-02-07,2,83.16823501532792
fifty_fifty_complete_case,C046,2026-03-28,1,83.14425427056077
fifty_fifty_complete_case,C049,2026-05-08,1,83.90360160411406
fifty_fifty_complete_case,C050,2026-05-16,2,86.53209057409188
fifty_fifty_complete_case,C054,2026-06-12,1,80.24398449616699
current_v2_1_complete_case,C005,2024-10-19,1,88.06188052011211
current_v2_1_complete_case,C006,2024-11-02,1,84.01317386954365
current_v2_1_complete_case,C010,2024-11-30,1,85.18740411785171
current_v2_1_complete_case,C012,2024-12-13,1,84.26332156789319
current_v2_1_complete_case,C013,2025-01-18,2,79.58167034011939
current_v2_1_complete_case,C016,2025-02-15,1,80.03059841384282
current_v2_1_complete_case,C018,2025-03-07,2,77.73827874181407
current_v2_1_complete_case,C019,2025-03-22,1,76.11515437107587
current_v2_1_complete_case,C020,2025-03-29,1,76.96353490757203
current_v2_1_complete_case,C023,2025-04-26,1,88.5674002903269
current_v2_1_complete_case,C024,2025-05-02,1,77.93443983918718
current_v2_1_complete_case,C025,2025-05-17,3,81.34262924787689
current_v2_1_complete_case,C026,2025-05-23,1,87.59105599299977
current_v2_1_complete_case,C027,2025-05-31,1,86.10033248392185
current_v2_1_complete_case,C030,2025-09-13,2,85.63693422940764
current_v2_1_complete_case,C031,2025-09-19,1,86.93939052190225
current_v2_1_complete_case,C033,2025-10-25,1,86.6361016087837
current_v2_1_complete_case,C034,2025-11-01,2,85.89422617475907
current_v2_1_complete_case,C038,2026-01-16,1,77.1872106090166
current_v2_1_complete_case,C039,2026-01-24,2,87.91439395820089
current_v2_1_complete_case,C040,2026-02-07,2,82.47791656743445
current_v2_1_complete_case,C046,2026-03-28,1,84.3437539632213
current_v2_1_complete_case,C049,2026-05-08,1,84.07228774644044
current_v2_1_complete_case,C050,2026-05-16,2,86.64025016476884
current_v2_1_complete_case,C054,2026-06-12,1,81.30054843090754
